{
    "peaks": [
        79,
        81,
        356,
        161,
        223,
        276,
        303,
        383
    ],
    "counts": [
        14701.467576434652,
        182520.10689234312,
        244206.8630906624,
        3835.3359289248,
        2436.0020737980135,
        32481.14877121427,
        79713.67908248802,
        34265.51128449064
    ],
    "counts_err": [
        34.46346486611003,
        427.86716758302646,
        499.28302158683437,
        100.64549455488503,
        90.59180842966444,
        189.7745914699749,
        288.68488429161516,
        189.08654733129652
    ],
    "countRatio": 0.8076004579591147,
    "countRatio_err": 0.002411626737501332
}