{
    "FCCD": 0.6829226195128724,
    "FCCD_err_total_up": 0.06145492868965896,
    "FCCD_err_total_low": 0.06243040346554052,
    "FCCD_err_corr_up": 0.05373233290196833,
    "FCCD_err_corr_low": 0.0547513913128822,
    "FCCD_err_uncorr_up": 0.011209586616372058,
    "FCCD_err_uncorr_low": 0.011106299031867106,
    "FCCD_err_corr_uncorr_quadrature_up": 0.232073237867011,
    "FCCD_err_corr_uncorr_quadrature_low": 0.23425358309120367,
    "countRatio_data": 0.8076004579591147,
    "countRatio_data_err": 0.002411626737501332,
    "exp_fit_params": {
        "a": 1.0129123669350106,
        "a_err": 0.049046647827043065,
        "b": 0.4176143146383272,
        "b_err": 0.04829937906904164,
        "c": 0.046026925478814484,
        "c_err": 0.058379301524512886,
        "a_up": 1.0347423910849034,
        "a_low": 0.9914815759774632,
        "b_up": 0.41745821303765274,
        "b_low": 0.41744277765814575
    }
}