{
    "peaks": [
        99,
        103,
        60
    ],
    "counts": [
        4109.397165916647,
        3947.450479575276,
        4615761.073314698
    ],
    "counts_err": [
        46.33611069125584,
        44.51005706795513,
        2313.9555375083
    ],
    "countRatio": 572.899138274927,
    "countRatio_err": 4.577715303001281
}