{
    "peaks": [
        99,
        103,
        60
    ],
    "counts": [
        4123.556404743824,
        3961.0517188425843,
        4620401.396542112
    ],
    "counts_err": [
        46.45404949022467,
        44.62334803248183,
        2310.204392581363
    ],
    "countRatio": 571.5059191381634,
    "countRatio_err": 4.562454746174682
}