{
    "peaks": [
        99,
        103,
        60
    ],
    "counts": [
        4149.363265699337,
        3985.8415606470594,
        4612314.730728957
    ],
    "counts_err": [
        46.616500513460025,
        44.77939704494929,
        2384.695486401033
    ],
    "countRatio": 566.9574189197637,
    "countRatio_err": 4.514387805107576
}