{
    "peaks": [
        99,
        103,
        60
    ],
    "counts": [
        4127.92639709232,
        3965.249494743863,
        4620690.713640227
    ],
    "counts_err": [
        46.48688406737259,
        44.6548886361461,
        2296.602935330011
    ],
    "countRatio": 570.9366477875823,
    "countRatio_err": 4.556203348227943
}