{
    "peaks": [
        99,
        103,
        60
    ],
    "counts": [
        4114.941670206285,
        3952.776481232642,
        4613406.2083922345
    ],
    "counts_err": [
        46.40425280703753,
        44.57551378015921,
        2322.6305983922794
    ],
    "countRatio": 571.8353221808331,
    "countRatio_err": 4.569843423247194
}