{
    "peaks": [
        99,
        103,
        60
    ],
    "counts": [
        4108.786742251962,
        3946.864112015365,
        4616039.583199515
    ],
    "counts_err": [
        46.407731074952565,
        44.57885497347661,
        2334.9650322677917
    ],
    "countRatio": 573.0188245130132,
    "countRatio_err": 4.586562534036123
}