{
    "peaks": [
        99,
        103,
        60
    ],
    "counts": [
        4161.9132232043,
        3997.8969385459304,
        4631729.587584821
    ],
    "counts_err": [
        46.7289367892184,
        44.88740233447089,
        2269.6982877579285
    ],
    "countRatio": 567.6271256035376,
    "countRatio_err": 4.516001797592083
}