{
    "peaks": [
        99,
        103,
        60
    ],
    "counts": [
        4162.831430403885,
        3998.778960240029,
        4640713.000598663
    ],
    "counts_err": [
        46.78212783625201,
        44.938497182606625,
        2303.6294469522545
    ],
    "countRatio": 568.6026137585002,
    "countRatio_err": 4.528121454292628
}