{
    "peaks": [
        99,
        103,
        60
    ],
    "counts": [
        4098.780840710764,
        3937.2525317174072,
        4637843.5876601925
    ],
    "counts_err": [
        46.28375726815477,
        44.459766833941785,
        1457.0687043093494
    ],
    "countRatio": 577.1309516424792,
    "countRatio_err": 4.61271660349884
}