{
    "peaks": [
        99,
        103,
        60
    ],
    "counts": [
        4115.673204775749,
        3953.479186853489,
        4613458.753741952
    ],
    "counts_err": [
        46.37300032276717,
        44.545492920884726,
        2317.653299131198
    ],
    "countRatio": 571.7401939921042,
    "countRatio_err": 4.56517080696904
}