{
    "peaks": [
        99,
        103,
        60
    ],
    "counts": [
        4173.31671645001,
        4008.8510330431272,
        4659965.555988218
    ],
    "counts_err": [
        46.900174438982845,
        45.05189170247121,
        2196.8414178330568
    ],
    "countRatio": 569.5270127255567,
    "countRatio_err": 4.534639329632353
}