{
    "peaks": [
        99,
        103,
        60
    ],
    "counts": [
        4126.429353940351,
        3963.8114483662766,
        4616955.456968912
    ],
    "counts_err": [
        46.46771624649141,
        44.63647619736861,
        2309.3621874280507
    ],
    "countRatio": 570.6820810145183,
    "countRatio_err": 4.554059340621401
}