{
    "peaks": [
        99,
        103,
        60
    ],
    "counts": [
        4154.187370809085,
        3990.4755532400923,
        4636422.339715439
    ],
    "counts_err": [
        46.743920584396776,
        44.901795635258,
        2285.6558938819217
    ],
    "countRatio": 569.2589592658561,
    "countRatio_err": 4.538928317350308
}