{
    "peaks": [
        99,
        103,
        60
    ],
    "counts": [
        4098.282263870788,
        3936.773603225641,
        4609222.267140206
    ],
    "counts_err": [
        46.28118149520706,
        44.457292569287574,
        2336.983350389055
    ],
    "countRatio": 573.6391063582994,
    "countRatio_err": 4.590789559167364
}