{
    "peaks": [
        99,
        103,
        60
    ],
    "counts": [
        4156.797071229244,
        3992.9824083236476,
        4638729.274716276
    ],
    "counts_err": [
        46.769625843919165,
        44.92648787962679,
        2293.4067878464703
    ],
    "countRatio": 569.1846370020754,
    "countRatio_err": 4.538032227229877
}