{
    "peaks": [
        99,
        103,
        60
    ],
    "counts": [
        4093.4152287060037,
        3932.098372402227,
        4607909.837526216
    ],
    "counts_err": [
        46.24001395465052,
        44.41774739486135,
        2340.1158722190303
    ],
    "countRatio": 574.1576261100495,
    "countRatio_err": 4.5963349687783
}