{
    "peaks": [
        99,
        103,
        60
    ],
    "counts": [
        4096.498355646352,
        3935.059996803158,
        4611019.1950520985
    ],
    "counts_err": [
        46.30493659189087,
        44.48011150452572,
        2331.1546774129965
    ],
    "countRatio": 574.1126432388808,
    "countRatio_err": 4.598868837599597
}