{
    "peaks": [
        99,
        103,
        60
    ],
    "counts": [
        4144.52338352875,
        3981.19241274929,
        4624575.074555043
    ],
    "counts_err": [
        46.64435815810791,
        44.80615685138446,
        2299.530797957268
    ],
    "countRatio": 569.1283316447415,
    "countRatio_err": 4.538927168140275
}