{
    "peaks": [
        99,
        103,
        60
    ],
    "counts": [
        4080.0154105485663,
        3919.226625896315,
        4609629.356632566
    ],
    "counts_err": [
        46.170810075460054,
        44.35127076214144,
        2324.611926973739
    ],
    "countRatio": 576.2582674247012,
    "countRatio_err": 4.621213028821946
}