{
    "peaks": [
        99,
        103,
        60
    ],
    "counts": [
        4151.323993721453,
        3987.725018599504,
        4629072.790259563
    ],
    "counts_err": [
        46.66437584256121,
        44.82538566157359,
        2295.0229650278925
    ],
    "countRatio": 568.7486072699693,
    "countRatio_err": 4.530381277763364
}