{
    "peaks": [
        99,
        103,
        60
    ],
    "counts": [
        4140.795437422111,
        3977.611380775014,
        4622982.019341506
    ],
    "counts_err": [
        46.5527038043592,
        44.71811449187214,
        2298.1283297005575
    ],
    "countRatio": 569.4444886623879,
    "countRatio_err": 4.536619585713326
}