{
    "FCCD": 1.1139496522056673,
    "FCCD_err_total_up": 0.06024510856782683,
    "FCCD_err_total_low": 0.06084748355860037,
    "FCCD_err_corr_up": 0.053151203369392164,
    "FCCD_err_corr_low": 0.05378049467519164,
    "FCCD_err_uncorr_up": 0.011153569837141664,
    "FCCD_err_uncorr_low": 0.010637413939522888,
    "FCCD_err_corr_uncorr_quadrature_up": 0.23081508938867962,
    "FCCD_err_corr_uncorr_quadrature_low": 0.2321500576147083,
    "countRatio_data": 0.7218417427719045,
    "countRatio_data_err": 0.0019994692797001565,
    "exp_fit_params": {
        "a": 1.1118170852492122,
        "a_err": 0.05373384384065623,
        "b": 0.4092734693458095,
        "b_err": 0.04686222167045161,
        "c": 0.017093292678296207,
        "c_err": 0.06388716608714853,
        "a_up": 1.1364383494537031,
        "a_low": 1.088932315697918,
        "b_up": 0.4086029332724726,
        "b_low": 0.4085844342037288
    }
}