{
    "peaks": [
        99,
        103,
        60
    ],
    "counts": [
        6224.007564089008,
        5978.726477819567,
        339019.99553108827
    ],
    "counts_err": [
        100.45161414297208,
        96.49292984177123,
        926.761341783058
    ],
    "countRatio": 27.7822981609508,
    "countRatio_err": 0.32609036466806646
}