{
    "peaks": [
        99,
        103,
        60
    ],
    "counts": [
        22714.589660349575,
        21819.43341757686,
        2242974.149125802
    ],
    "counts_err": [
        216.1367506093986,
        207.6190461518854,
        2142.851993898803
    ],
    "countRatio": 50.36540591001638,
    "countRatio_err": 0.3423430114428764
}