{
    "peaks": [
        79,
        81,
        356,
        161,
        223,
        276,
        303,
        383
    ],
    "counts": [
        45707.30279744276,
        567460.476239932,
        896984.1138821895,
        14466.781266060265,
        9311.26563279637,
        121651.64481853019,
        300477.94966475066,
        126968.58623986201
    ],
    "counts_err": [
        60.59316626291784,
        752.269875490565,
        950.8378142091533,
        225.07425455045222,
        219.96840101635314,
        376.6343822219096,
        560.7963836833733,
        358.81080750216825
    ],
    "countRatio": 0.6835882258645092,
    "countRatio_err": 0.0011104107798180615
}