{
    "peaks": [
        79,
        81,
        356,
        161,
        223,
        276,
        303,
        383
    ],
    "counts": [
        87223.65163310396,
        1082889.863671332,
        1037008.9032889218,
        18607.293121018352,
        10579.360465842377,
        140073.4715883303,
        346237.557117068,
        149407.88542001095
    ],
    "counts_err": [
        82.80899200655043,
        1028.0814479303808,
        1021.8141466378438,
        241.09266548978553,
        224.56686454911286,
        399.0106047874906,
        599.317180448852,
        393.2564578125948
    ],
    "countRatio": 1.1283543579938096,
    "countRatio_err": 0.0014917705326234175
}