{
    "peaks": [
        79,
        81,
        356,
        161,
        223,
        276,
        303,
        383
    ],
    "counts": [
        77425.79199375318,
        961248.511922446,
        1017220.4700599118,
        17893.924018896916,
        10562.01684590824,
        137787.62592902733,
        340278.9827838553,
        145490.86422573743
    ],
    "counts_err": [
        78.10277232464311,
        969.6532865965128,
        1012.0454355967377,
        238.97988402769897,
        222.27444963698417,
        396.3193479493839,
        594.4328754222443,
        386.56309270973
    ],
    "countRatio": 1.0210906430687772,
    "countRatio_err": 0.0013952070135124668
}