{
    "peaks": [
        79,
        81,
        356,
        161,
        223,
        276,
        303,
        383
    ],
    "counts": [
        59609.21598860077,
        740054.0400094225,
        957343.5797446002,
        15886.703272905164,
        9486.270304060667,
        129644.0580626077,
        320474.99127488106,
        136001.62683552495
    ],
    "counts_err": [
        68.81832161010932,
        854.3859550839989,
        981.956983115233,
        231.25285126852532,
        221.89248099043257,
        386.70840581225093,
        578.1555345653396,
        372.0772803172713
    ],
    "countRatio": 0.8352939037950796,
    "countRatio_err": 0.0012392323947101249
}