{
    "peaks": [
        79,
        81,
        356,
        161,
        223,
        276,
        303,
        383
    ],
    "counts": [
        18108.00119585605,
        224812.5431485491,
        708658.9941597407,
        10219.68665694475,
        6990.481587468654,
        95840.7783274444,
        236552.66130216018,
        99080.92767649556
    ],
    "counts_err": [
        39.229526609974705,
        487.0382737615728,
        846.139073443992,
        203.64978951145574,
        202.10607316306994,
        340.87860837363223,
        501.93711771349626,
        317.080782026469
    ],
    "countRatio": 0.3427890513581032,
    "countRatio_err": 0.0008018226230556377
}