{
    "peaks": [
        79,
        81,
        356,
        161,
        223,
        276,
        303,
        383
    ],
    "counts": [
        52182.05829448542,
        647845.1765617114,
        926724.2334228558,
        15124.306704581491,
        9413.347817156458,
        125824.79316625156,
        310611.18978094356,
        131388.01665710314
    ],
    "counts_err": [
        64.583029912243,
        801.804409099168,
        966.3838052964275,
        228.43488932492733,
        219.00110582319996,
        381.49916080683397,
        569.4988977362118,
        365.3160666774602
    ],
    "countRatio": 0.7553781476833149,
    "countRatio_err": 0.0011721397224342056
}