{
    "peaks": [
        79,
        81,
        356,
        161,
        223,
        276,
        303,
        383
    ],
    "counts": [
        49242.70162283994,
        611352.786185447,
        913649.5227370438,
        14864.31635396648,
        9034.321023039442,
        123934.89884342585,
        306100.67183743295,
        129487.44650641685
    ],
    "counts_err": [
        62.797879442465614,
        779.64159760646,
        959.5812886436761,
        228.32989088732234,
        215.61419576682482,
        379.1790307512929,
        565.876300311902,
        362.5146712213518
    ],
    "countRatio": 0.7230294236123757,
    "countRatio_err": 0.0011443539733066634
}