{
    "peaks": [
        79,
        81,
        356,
        161,
        223,
        276,
        303,
        383
    ],
    "counts": [
        40017.98235281704,
        496827.0261915769,
        867682.3742581826,
        13685.620295183362,
        8915.896148639227,
        117537.82057062945,
        290312.9802011908,
        122435.93543545011
    ],
    "counts_err": [
        56.89661040011385,
        706.3767857221683,
        935.3593408558663,
        223.98023708872415,
        216.62674420631433,
        371.59339854279096,
        552.2570429047664,
        352.313034866429
    ],
    "countRatio": 0.6187114368934425,
    "countRatio_err": 0.00105446681561883
}