{
    "peaks": [
        79,
        81,
        356,
        161,
        223,
        276,
        303,
        383
    ],
    "counts": [
        67986.62769656202,
        844060.3966856032,
        987691.5466988116,
        16868.248921006645,
        10018.266055852682,
        133954.09072797492,
        330732.5816484934,
        140748.7602027623
    ],
    "counts_err": [
        73.3392417005463,
        910.5136045086692,
        997.3058516050514,
        235.65321428864308,
        219.12794165071708,
        391.2685606981813,
        586.5265014432953,
        379.21121206212774
    ],
    "countRatio": 0.9234128078047492,
    "countRatio_err": 0.0013132830270693005
}