{
    "cuspEmax_ctc": {
        "resolution": [
            0.2657777140277954,
            0.0016671622998783839,
            2.7169484324644435e-07
        ],
        "calibration": [
            0.06275637714319086,
            -0.23621197019180132
        ]
    }
}