{
    "V02160B": {
        "unrounded": {
            "FCCD": 0.6263494561576082,
            "FCCD_err_total_up": 0.0451019017729406,
            "FCCD_err_total_low": 0.0458627578253048,
            "FCCD_err_corr_up": 0.033116763251631265,
            "FCCD_err_corr_low": 0.033987746715172684,
            "FCCD_err_uncorr_up": 0.011985138521309557,
            "FCCD_err_uncorr_low": 0.011875011110132117
        },
        "rounded": {
            "FCCD": 0.63,
            "FCCD_err_total_up": 0.05,
            "FCCD_err_total_low": 0.05,
            "FCCD_err_corr_up": 0.03,
            "FCCD_err_corr_low": 0.03,
            "FCCD_err_uncorr_up": 0.01,
            "FCCD_err_uncorr_low": 0.01
        }
    },
    "V02166B": {
        "unrounded": {
            "FCCD": 0.608547698072481,
            "FCCD_err_total_up": 0.04868208163228693,
            "FCCD_err_total_low": 0.04937929856279932,
            "FCCD_err_corr_up": 0.03332480515049041,
            "FCCD_err_corr_low": 0.03420126019506342,
            "FCCD_err_uncorr_up": 0.015357276481796633,
            "FCCD_err_uncorr_low": 0.015178038367735902
        },
        "rounded": {
            "FCCD": 0.61,
            "FCCD_err_total_up": 0.05,
            "FCCD_err_total_low": 0.05,
            "FCCD_err_corr_up": 0.03,
            "FCCD_err_corr_low": 0.03,
            "FCCD_err_uncorr_up": 0.02,
            "FCCD_err_uncorr_low": 0.02
        }
    },
    "V04199A": {
        "unrounded": {
            "FCCD": 1.0854469988541153,
            "FCCD_err_total_up": 0.04673670318054346,
            "FCCD_err_total_low": 0.047473094118615666,
            "FCCD_err_corr_up": 0.03326260911463663,
            "FCCD_err_corr_low": 0.034137428379821255,
            "FCCD_err_uncorr_up": 0.01347409406590705,
            "FCCD_err_uncorr_low": 0.013335665738793967
        },
        "rounded": {
            "FCCD": 1.09,
            "FCCD_err_total_up": 0.05,
            "FCCD_err_total_low": 0.05,
            "FCCD_err_corr_up": 0.03,
            "FCCD_err_corr_low": 0.03,
            "FCCD_err_uncorr_up": 0.01,
            "FCCD_err_uncorr_low": 0.01
        }
    },
    "V04545A": {
        "unrounded": {
            "FCCD": 1.0775633815127597,
            "FCCD_err_total_up": 0.04412612225498935,
            "FCCD_err_total_low": 0.04489920476154219,
            "FCCD_err_corr_up": 0.03301022096936701,
            "FCCD_err_corr_low": 0.03387840233038086,
            "FCCD_err_uncorr_up": 0.011115901285622565,
            "FCCD_err_uncorr_low": 0.011020802431161325
        },
        "rounded": {
            "FCCD": 1.08,
            "FCCD_err_total_up": 0.04,
            "FCCD_err_total_low": 0.04,
            "FCCD_err_corr_up": 0.03,
            "FCCD_err_corr_low": 0.03,
            "FCCD_err_uncorr_up": 0.01,
            "FCCD_err_uncorr_low": 0.01
        }
    },
    "V04549A": {
        "unrounded": {
            "FCCD": 1.0681862154974233,
            "FCCD_err_total_up": 0.053832345155900185,
            "FCCD_err_total_low": 0.0543753827132456,
            "FCCD_err_corr_up": 0.03310008796795083,
            "FCCD_err_corr_low": 0.033970632865192085,
            "FCCD_err_uncorr_up": 0.020732257187949577,
            "FCCD_err_uncorr_low": 0.020404749848053294
        },
        "rounded": {
            "FCCD": 1.07,
            "FCCD_err_total_up": 0.05,
            "FCCD_err_total_low": 0.05,
            "FCCD_err_corr_up": 0.03,
            "FCCD_err_corr_low": 0.03,
            "FCCD_err_uncorr_up": 0.02,
            "FCCD_err_uncorr_low": 0.02
        }
    },
    "V04549B": {
        "unrounded": {
            "FCCD": 1.1516018706805433,
            "FCCD_err_total_up": 0.04704075281344755,
            "FCCD_err_total_low": 0.047766580555124616,
            "FCCD_err_corr_up": 0.033179727615576304,
            "FCCD_err_corr_low": 0.03405236706582704,
            "FCCD_err_uncorr_up": 0.013861025197871246,
            "FCCD_err_uncorr_low": 0.0137142134892978
        },
        "rounded": {
            "FCCD": 1.15,
            "FCCD_err_total_up": 0.05,
            "FCCD_err_total_low": 0.05,
            "FCCD_err_corr_up": 0.03,
            "FCCD_err_corr_low": 0.03,
            "FCCD_err_uncorr_up": 0.01,
            "FCCD_err_uncorr_low": 0.01
        }
    },
    "V05261B": {
        "unrounded": {
            "FCCD": 1.1864749176125493,
            "FCCD_err_total_up": 0.04591295968537379,
            "FCCD_err_total_low": 0.04665728096195676,
            "FCCD_err_corr_up": 0.0330925037601324,
            "FCCD_err_corr_low": 0.03396284918982495,
            "FCCD_err_uncorr_up": 0.012820455925241392,
            "FCCD_err_uncorr_low": 0.012694431772131809
        },
        "rounded": {
            "FCCD": 1.19,
            "FCCD_err_total_up": 0.05,
            "FCCD_err_total_low": 0.05,
            "FCCD_err_corr_up": 0.03,
            "FCCD_err_corr_low": 0.03,
            "FCCD_err_uncorr_up": 0.01,
            "FCCD_err_uncorr_low": 0.01
        }
    },
    "V05266A": {
        "unrounded": {
            "FCCD": 1.024516223971166,
            "FCCD_err_total_up": 0.046097354880318075,
            "FCCD_err_total_low": 0.04683420605346711,
            "FCCD_err_corr_up": 0.0330159625391675,
            "FCCD_err_corr_low": 0.03388429490564948,
            "FCCD_err_uncorr_up": 0.0130813923411508,
            "FCCD_err_uncorr_low": 0.012949911147817517
        },
        "rounded": {
            "FCCD": 1.02,
            "FCCD_err_total_up": 0.05,
            "FCCD_err_total_low": 0.05,
            "FCCD_err_corr_up": 0.03,
            "FCCD_err_corr_low": 0.03,
            "FCCD_err_uncorr_up": 0.01,
            "FCCD_err_uncorr_low": 0.01
        }
    },
    "V05266B": {
        "unrounded": {
            "FCCD": 0.9959288882531392,
            "FCCD_err_total_up": 0.04394913435223735,
            "FCCD_err_total_low": 0.0447342303272843,
            "FCCD_err_corr_up": 0.03320818573612727,
            "FCCD_err_corr_low": 0.03408157364576725,
            "FCCD_err_uncorr_up": 0.01074094861611008,
            "FCCD_err_uncorr_low": 0.01065265668151727
        },
        "rounded": {
            "FCCD": 1.0,
            "FCCD_err_total_up": 0.04,
            "FCCD_err_total_low": 0.04,
            "FCCD_err_corr_up": 0.03,
            "FCCD_err_corr_low": 0.03,
            "FCCD_err_uncorr_up": 0.01,
            "FCCD_err_uncorr_low": 0.01
        }
    },
    "V05267B": {
        "unrounded": {
            "FCCD": 1.0863016440191113,
            "FCCD_err_total_up": 0.04565082963720046,
            "FCCD_err_total_low": 0.04640046585731006,
            "FCCD_err_corr_up": 0.033097362101634165,
            "FCCD_err_corr_low": 0.03396783530755565,
            "FCCD_err_uncorr_up": 0.012553467535566076,
            "FCCD_err_uncorr_low": 0.01243263054975463
        },
        "rounded": {
            "FCCD": 1.09,
            "FCCD_err_total_up": 0.05,
            "FCCD_err_total_low": 0.05,
            "FCCD_err_corr_up": 0.03,
            "FCCD_err_corr_low": 0.03,
            "FCCD_err_uncorr_up": 0.01,
            "FCCD_err_uncorr_low": 0.01
        }
    },
    "V05268A": {
        "unrounded": {
            "FCCD": 1.044989665146236,
            "FCCD_err_total_up": 0.04586234191047356,
            "FCCD_err_total_low": 0.04660934609998835,
            "FCCD_err_corr_up": 0.03312675183831226,
            "FCCD_err_corr_low": 0.0339979980054812,
            "FCCD_err_uncorr_up": 0.012735590072160852,
            "FCCD_err_uncorr_low": 0.012611348094506925
        },
        "rounded": {
            "FCCD": 1.04,
            "FCCD_err_total_up": 0.05,
            "FCCD_err_total_low": 0.05,
            "FCCD_err_corr_up": 0.03,
            "FCCD_err_corr_low": 0.03,
            "FCCD_err_uncorr_up": 0.01,
            "FCCD_err_uncorr_low": 0.01
        }
    },
    "V05612A": {
        "unrounded": {
            "FCCD": 1.4367575144434168,