{
    "peaks": [
        79,
        81,
        356,
        161,
        223,
        276,
        303,
        383
    ],
    "counts": [
        90604.04259974131,
        1124857.7364269944,
        1147659.847604775,
        19829.91790415356,
        11308.808176485569,
        154672.07137089,
        382453.05900808104,
        165905.1337930194
    ],
    "counts_err": [
        83.83262541914114,
        1040.7899533168843,
        1073.7069345111377,
        212.51323567088662,
        183.08465240904326,
        404.95922517222425,
        623.8566158556205,
        410.4762240665332
    ],
    "countRatio": 1.059078420808628,
    "countRatio_err": 0.0013451834445405695
}