{
    "peaks": [
        79,
        81,
        356,
        161,
        223,
        276,
        303,
        383
    ],
    "counts": [
        62483.269306075585,
        775735.6830829583,
        1065123.8764878185,
        17238.818625214386,
        10715.57199682099,
        143815.9936671393,
        356024.44316308934,
        152075.16238819607
    ],
    "counts_err": [
        69.87565352242838,
        867.5128305237334,
        1034.5343301936373,
        201.78545792664977,
        180.71736169049302,
        392.01066878348684,
        602.7707551244384,
        391.2777151006503
    ],
    "countRatio": 0.7869685122006749,
    "countRatio_err": 0.0011188944462881924
}