{
    "peaks": [
        79,
        81,
        356,
        161,
        223,
        276,
        303,
        383
    ],
    "counts": [
        54940.290375851095,
        682088.8880624407,
        1033130.0978723391,
        16309.903249575642,
        10547.946414362734,
        139578.37351699048,
        345463.88437270623,
        147034.50703374197
    ],
    "counts_err": [
        65.64470805174646,
        814.9852433594185,
        1018.9547391254746,
        198.838602368578,
        181.72777167493072,
        386.9241872052771,
        594.1844957339708,
        384.74968312391866
    ],
    "countRatio": 0.7133943536793218,
    "countRatio_err": 0.0010589541559680264
}