{
    "peaks": [
        79,
        81,
        356,
        161,
        223,
        276,
        303,
        383
    ],
    "counts": [
        20102.25688800161,
        249571.4157038683,
        803944.831025983,
        11631.470537000909,
        1211754.418478118,
        108795.81987822261,
        267917.288420627,
        112530.91352582822
    ],
    "counts_err": [
        40.527126706081,
        503.14810136983584,
        899.4743948967516,
        178.55379945592577,
        9606.929084219402,
        345.5345058877447,
        525.9295738482251,
        336.82501145461174
    ],
    "countRatio": 0.33543803279102646,
    "countRatio_err": 0.0007314888316542614
}