{
    "peaks": [
        79,
        81,
        356,
        161,
        223,
        276,
        303,
        383
    ],
    "counts": [
        42528.14673467779,
        527990.9538003497,
        971959.3755541338,
        14975.63203070142,
        9821.684152138669,
        131079.75465995626,
        324715.5967839529,
        137476.52396194942
    ],
    "counts_err": [
        57.99392978685647,
        720.0001094292747,
        988.5135868838552,
        194.59051739820097,
        176.96171189703307,
        376.2612581260055,
        576.690725000808,
        372.0316846705464
    ],
    "countRatio": 0.5869783397168868,
    "countRatio_err": 0.000953248625234322
}