{
    "peaks": [
        79,
        81,
        356,
        161,
        223,
        276,
        303,
        383
    ],
    "counts": [
        70964.2544600919,
        881027.9138630264,
        1096982.2419510488,
        18161.981077691307,
        -31693.405810617227,
        148078.80680543944,
        366205.3265379766,
        157151.48481792177
    ],
    "counts_err": [
        74.35022012521901,
        923.0649970263039,
        1049.805066336703,
        203.53869875052737,
        4560.536403181201,
        397.1549135541318,
        611.1351936489154,
        397.9313066567829
    ],
    "countRatio": 0.8678282399812991,
    "countRatio_err": 0.00118422401777181
}