{
    "peaks": [
        79,
        81,
        356,
        161,
        223,
        276,
        303,
        383
    ],
    "counts": [
        80545.3935598618,
        999978.6596677391,
        1127653.8238590893,
        19020.11937524312,
        11293.158828068446,
        152052.20989445056,
        376420.23186167656,
        162153.27891597804
    ],
    "counts_err": [
        79.09747443391905,
        982.002607122995,
        1064.333077949268,
        207.92975363867868,
        182.038003272251,
        402.02865154679785,
        619.1071415881015,
        404.7178852197703
    ],
    "countRatio": 0.9582054619650918,
    "countRatio_err": 0.0012574640649574036
}