{
    "peaks": [
        79,
        81,
        356,
        161,
        223,
        276,
        303,
        383
    ],
    "counts": [
        48347.3084968986,
        600236.3960558247,
        1002145.9648205946,
        15658.443098382977,
        -2.5843773406027895,
        135408.95513833952,
        334987.46414242586,
        142268.2506918933
    ],
    "counts_err": [
        61.689021639537465,
        765.8750233738803,
        1003.6855840338831,
        196.33039989062013,
        705.9658712595639,
        381.7218613991645,
        585.5187487405055,
        378.42524279811187
    ],
    "countRatio": 0.6471948471786079,
    "countRatio_err": 0.0010039888262824582
}