{
    "peaks": [
        79,
        81,
        356,
        161,
        223,
        276,
        303,
        383
    ],
    "counts": [
        64762.31733807272,
        804030.279404737,
        1074051.5404223474,
        17425.899406606426,
        2974.7899567076097,
        145053.44357608253,
        358981.9394378702,
        153527.4624708866
    ],
    "counts_err": [
        71.0956904694645,
        882.6597043190122,
        1038.8188956831436,
        201.01482034937476,
        1284.1044738631585,
        393.033665287503,
        604.9877624004148,
        393.12872135878024
    ],
    "countRatio": 0.8088928361865911,
    "countRatio_err": 0.0011365860157205203
}