{
    "cuspEmax_ctc": {
        "resolution": [
            0.40470055534883553,
            0.003752510025310515,
            4.6482913934952764e-26
        ],
        "calibration": [
            0.06997123762473127,
            -0.005830622843840734
        ]
    }
}