{
    "cuspEmax_ctc": {
        "resolution": [
            0.40461828448342335,
            0.0037526891997224057,
            5.64646421396504e-26
        ],
        "calibration": [
            0.06997121882203086,
            -0.0057272953865448875
        ]
    }
}