{
    "cuspEmax_ctc": {
        "resolution": [
            0.5224210336158367,
            0.0006824242546233521,
            3.1641677914070674e-23
        ],
        "calibration": [
            0.042174983849660716,
            -0.4246851365400707
        ]
    }
}