{
    "peaks": [
        99,
        103,
        60
    ],
    "counts": [
        4067.297342614743,
        3907.009762610281,
        4590789.427864221
    ],
    "counts_err": [
        46.544863886881004,
        44.7105835366591,
        2160.5663921046653
    ],
    "countRatio": 575.6975957015986,
    "countRatio_err": 4.667302791682368
}