{
    "peaks": [
        99,
        103,
        60
    ],
    "counts": [
        2716.9539740411938,
        2609.8818962464707,
        955175.3128170196
    ],
    "counts_err": [
        38.10972939851957,
        36.60786814143506,
        1033.9260229035426
    ],
    "countRatio": 179.3138245810899,
    "countRatio_err": 1.7894111025891177
}