{
    "peaks": [
        99,
        103,
        60
    ],
    "counts": [
        2512.1329266506295,
        2413.1326142703488,
        698186.7568589473
    ],
    "counts_err": [
        36.696065221056614,
        35.24991486751745,
        885.7126204299857
    ],
    "countRatio": 141.75616544085722,
    "countRatio_err": 1.475506960346799
}