{
    "peaks": [
        99,
        103,
        60
    ],
    "counts": [
        3559.522644340442,
        3419.2458898836826,
        2717461.900221239
    ],
    "counts_err": [
        43.596442750245906,
        41.87835633644312,
        1790.494675936352
    ],
    "countRatio": 389.3898883298265,
    "countRatio_err": 3.3827461503595213
}