{
    "peaks": [
        99,
        103,
        60
    ],
    "counts": [
        2430.3670505225305,
        2334.589038679317,
        628536.3312330464
    ],
    "counts_err": [
        36.15137503813775,
        34.72669030757075,
        842.2573718058266
    ],
    "countRatio": 131.9081056502095,
    "countRatio_err": 1.3989172771712497
}