{
    "peaks": [
        99,
        103,
        60
    ],
    "counts": [
        3842.999453584381,
        3691.551199255814,
        3717103.6245507677
    ],
    "counts_err": [
        45.18669524222266,
        43.40593877947498,
        1998.8425666003604
    ],
    "countRatio": 493.34111559122414,
    "countRatio_err": 4.111178885666058
}