{
    "peaks": [
        99,
        103,
        60
    ],
    "counts": [
        3746.7396500288382,
        3599.084885495631,
        3349519.5719180303
    ],
    "counts_err": [
        44.684954145517594,
        42.923970730915926,
        1900.9730963860056
    ],
    "countRatio": 455.97598414170193,
    "countRatio_err": 3.8548131335039786
}