{
    "peaks": [
        99,
        103,
        60
    ],
    "counts": [
        3023.478383424831,
        2904.32652594996,
        1470448.66215065
    ],
    "counts_err": [
        40.27873868241326,
        38.691399226948704,
        1874.4486893870635
    ],
    "countRatio": 248.05955739621993,
    "countRatio_err": 2.3585037085667375
}