{
    "peaks": [
        99,
        103,
        60
    ],
    "counts": [
        3298.6181630459787,
        3168.62335859086,
        1986901.1472305113
    ],
    "counts_err": [
        41.969121444891734,
        40.3151659199699,
        1478.0142373149283
    ],
    "countRatio": 307.22544389027746,
    "countRatio_err": 2.774001099320654
}