{
    "peaks": [
        99,
        103,
        60
    ],
    "counts": [
        2351.368462650339,
        2258.7036956493434,
        565651.346436198
    ],
    "counts_err": [
        35.54149456151373,
        34.1408445295329,
        801.4220663773085
    ],
    "countRatio": 122.69902227405161,
    "countRatio_err": 1.323152525380839
}