{
    "peaks": [
        99,
        103,
        60
    ],
    "counts": [
        3973.099575940977,
        3816.524223194491,
        4125483.848966661
    ],
    "counts_err": [
        45.994653254464644,
        44.18205608187492,
        2186.3371719187126
    ],
    "countRatio": 529.6127201193628,
    "countRatio_err": 4.345271401009342
}