{
    "peaks": [
        99,
        103,
        60
    ],
    "counts": [
        2880.8026198304424,
        2767.2734525464875,
        1177617.1182099206
    ],
    "counts_err": [
        39.240269825906594,
        37.69385525148664,
        1146.36381622935
    ],
    "countRatio": 208.49880616326996,
    "countRatio_err": 2.0188346442979843
}