{
    "peaks": [
        99,
        103,
        60
    ],
    "counts": [
        2796.8013174955404,
        2686.5825463626347,
        1060698.4323105495
    ],
    "counts_err": [
        38.691190994813354,
        37.16641499501776,
        1089.5200528054556
    ],
    "countRatio": 193.43866098847755,
    "countRatio_err": 1.9030345431145632
}