{
    "peaks": [
        99,
        103,
        60
    ],
    "counts": [
        3663.07461121824,
        3518.716991071818,
        3016404.9317354118
    ],
    "counts_err": [
        44.1813411243121,
        42.440204528280105,
        1809.1146007424686
    ],
    "countRatio": 420.00730441322895,
    "countRatio_err": 3.591645641519115
}