{
    "peaks": [
        99,
        103,
        60
    ],
    "counts": [
        3124.3793576261887,
        3001.2511070793425,
        1613360.118231897
    ],
    "counts_err": [
        40.82980504251255,
        39.22074868615738,
        1335.3050981462002
    ],
    "countRatio": 263.378623233593,
    "countRatio_err": 2.4439998196819124
}