{
    "peaks": [
        99,
        103,
        60
    ],
    "counts": [
        2580.4841170257127,
        2478.7901616749455,
        774558.2664076644
    ],
    "counts_err": [
        37.19402430793102,
        35.728249950968234,
        933.350839786799
    ],
    "countRatio": 153.09671382485107,
    "countRatio_err": 1.571533998136834
}