{
    "peaks": [
        99,
        103,
        60
    ],
    "counts": [
        2641.569752380042,
        2537.468481350287,
        859707.9318820292
    ],
    "counts_err": [
        37.65770019588838,
        36.17365289752826,
        983.4705900774134
    ],
    "countRatio": 165.99760285276045,
    "countRatio_err": 1.6843945232207562
}