{
    "peaks": [
        99,
        103,
        60
    ],
    "counts": [
        2946.411566262165,
        2830.2968247345916,
        1307677.939115032
    ],
    "counts_err": [
        39.77347698443431,
        38.20604932002311,
        1206.7560507952294
    ],
    "countRatio": 226.3707721776476,
    "countRatio_err": 2.171263995523965
}