{
    "peaks": [
        99,
        103,
        60
    ],
    "counts": [
        3218.8267256352115,
        3091.9764113245224,
        1789715.5230195473
    ],
    "counts_err": [
        41.46682464006197,
        39.832664063113725,
        1406.0267554462189
    ],
    "countRatio": 283.59552408439623,
    "countRatio_err": 2.593484993952362
}