{
    "peaks": [
        99,
        103,
        60
    ],
    "counts": [
        3472.9042380806254,
        3336.041016875519,
        2449121.82216426
    ],
    "counts_err": [
        43.07019100074489,
        41.37284357214412,
        1634.784348829562
    ],
    "countRatio": 359.69180694786394,
    "countRatio_err": 3.164034582710935
}