{
    "peaks": [
        99,
        103,
        60
    ],
    "counts": [
        3378.2604688626097,
        3245.1270513705313,
        2205864.418778576
    ],
    "counts_err": [
        42.48147244061546,
        40.80732574344836,
        1555.1727243237838
    ],
    "countRatio": 333.04172706792343,
    "countRatio_err": 2.971242499202256
}