{
    "peaks": [
        79,
        81,
        356,
        161,
        223,
        276,
        303,
        383
    ],
    "counts": [
        16650.0895008175,
        206712.4319158124,
        309434.1989130579,
        5079.531828795959,
        3252.8670387467405,
        41588.01045763594,
        101536.26557792997,
        43333.86403142431
    ],
    "counts_err": [
        37.359057454387575,
        463.81622273560424,
        564.8976215683615,
        137.33802878178068,
        140.99960637963164,
        226.50726571817358,
        330.38133986428875,
        214.21361381103907
    ],
    "countRatio": 0.7218417427719045,
    "countRatio_err": 0.0019994692797001565
}