{
    "cuspEmax_ctc": {
        "resolution": [
            0.41949398599176224,
            3.5965881365107415e-13,
            1.9706343144771333e-05
        ],
        "calibration": [
            0.11649237130359928,
            2.6540239766324136
        ]
    }
}